Name,Price,Picture link
Slim Fit Oxford Shirt,"€ 99,00",https://www.ralphlauren.eu/pt/en/slim-fit-oxford-shirt-492809.html?cgid=men-clothing-casual-shirts&dwvar492809_colorname=Bsr%20Blue&webcat=MEN%2FClothing%2FCasual%20Shirts
Custom Fit Plaid Twill Shirt,"€ 129,00",https://www.ralphlauren.eu/pt/en/custom-fit-plaid-twill-shirt-489860.html?cgid=men-clothing-casual-shirts&dwvar489860_colorname=Royal%2F%20Black&webcat=MEN%2FClothing%2FCasual%20Shirts
Slim Fit Performance Shirt,"€ 119,00",https://www.ralphlauren.eu/pt/en/slim-fit-performance-shirt-521073.html?dwvar521073_colorname=Elite%20Blue&cgid=men-clothing-casual-shirts&webcat=MEN%2FClothing%2FCasual%20Shirts
Custom Fit Plaid Twill Shirt,"€ 129,00",https://www.ralphlauren.eu/pt/en/custom-fit-plaid-twill-shirt-492817.html?cgid=men-clothing-casual-shirts&dwvar492817_colorname=4087%20Steel%20Grey%2FCream&webcat=MEN%2FClothing%2FCasual%20Shirts
Custom Fit Striped Shirt,"€ 99,00",https://www.ralphlauren.eu/pt/en/custom-fit-striped-shirt-509310.html?cgid=men-clothing-casual-shirts&dwvar509310_colorname=4331b%20Heather%20Grey%2FWhite&webcat=MEN%2FClothing%2FCasual%20Shirts
Slim Fit Brushed Twill Shirt,"€ 119,00",https://www.ralphlauren.eu/pt/en/slim-fit-brushed-twill-shirt-509307.html?cgid=men-clothing-casual-shirts&webcat=MEN%2FClothing%2FCasual%20Shirts&dwvar509307_colorname=4396a%20Light%20Blue%20Heather
Classic Fit Plaid Twill Shirt,"€ 169,00",https://www.ralphlauren.eu/pt/en/classic-fit-plaid-twill-shirt-492714.html?cgid=men-clothing-casual-shirts&dwvar492714_colorname=4197%20Winter%20Green%2FTan%20Mul&webcat=MEN%2FClothing%2FCasual%20Shirts
Knit Oxford Shirt,"€ 115,00",https://www.ralphlauren.eu/pt/en/knit%C2%A0oxford-shirt-498623.html?cgid=men-clothing-casual-shirts&dwvar498623_colorname=White&webcat=MEN%2FClothing%2FCasual%20Shirts
Classic Fit Plaid Twill Shirt,"€ 169,00",https://www.ralphlauren.eu/pt/en/classic-fit-plaid-twill-shirt-492721.html?cgid=men-clothing-casual-shirts&dwvar492721_colorname=4198%20Vibe%20Red%2FTan%20Multi&webcat=MEN%2FClothing%2FCasual%20Shirts
Slim Fit Oxford Shirt,"€ 109,00",https://www.ralphlauren.eu/pt/en/slim-fit-oxford-shirt-446896.html?cgid=men-clothing-casual-shirts&dwvar446896_colorname=Indigo&webcat=MEN%2FClothing%2FCasual%20Shirts
Slim Fit Oxford Shirt,"€ 109,00",https://www.ralphlauren.eu/pt/en/slim-fit-oxford-shirt-470840.html?cgid=men-clothing-casual-shirts&dwvar470840_colorname=Perfect%20Grey&webcat=MEN%2FClothing%2FCasual%20Shirts
Slim Fit Poplin Shirt,"€ 99,00",https://www.ralphlauren.eu/pt/en/slim-fit-poplin-shirt-440893.html?cgid=men-clothing-casual-shirts&dwvar440893_colorname=Newport%20Navy&webcat=MEN%2FClothing%2FCasual%20Shirts
Custom Fit Oxford Shirt,"€ 109,00",https://www.ralphlauren.eu/pt/en/custom-fit-oxford-shirt-483621.html?dwvar483621_colorname=Aubergine&cgid=men-clothing-casual-shirts&webcat=MEN%2FClothing%2FCasual%20Shirts
Custom Fit Oxford Shirt,"€ 109,00",https://www.ralphlauren.eu/pt/en/custom-fit-oxford-shirt-501553.html?dwvar501553_colorname=Polo%20Black&cgid=men-clothing-casual-shirts&webcat=MEN%2FClothing%2FCasual%20Shirts
Slim Fit Corduroy Shirt,"€ 109,00",https://www.ralphlauren.eu/pt/en/slim-fit-corduroy-shirt-492823.html?cgid=men-clothing-casual-shirts&dwvar492823_colorname=Classic%20Wine&webcat=MEN%2FClothing%2FCasual%20Shirts
Slim Fit Checked Shirt,"€ 139,00",https://www.ralphlauren.eu/pt/en/slim-fit-checked-shirt-509330.html?cgid=men-clothing-casual-shirts&dwvar509330_colorname=4382%20Navy%2FCream&webcat=MEN%2FClothing%2FCasual%20Shirts
Classic Fit Denim Shirt,"€ 129,00",https://www.ralphlauren.eu/pt/en/classic-fit-denim-shirt-279039.html?cgid=men-clothing-casual-shirts&dwvar279039_colorname=Denim&webcat=MEN%2FClothing%2FCasual%20Shirts
Slim Fit Floral Poplin Shirt,"€ 109,00",https://www.ralphlauren.eu/pt/en/slim-fit-floral-poplin-shirt-492820.html?cgid=men-clothing-casual-shirts&dwvar492820_colorname=4182%20Blue%20Bud&webcat=MEN%2FClothing%2FCasual%20Shirts
Classic Fit Western Shirt,"€ 139,00",https://www.ralphlauren.eu/pt/en/classic-fit-western-shirt-507039.html?dwvar507039_colorname=Borden%20Wash&cgid=men-clothing-casual-shirts&webcat=MEN%2FClothing%2FCasual%20Shirts
Slim Fit Checked Poplin Shirt,"€ 99,00 - € 105,00",https://www.ralphlauren.eu/pt/en/slim-fit-checked-poplin-shirt-440892.html?cgid=men-clothing-casual-shirts&dwvar440892_colorname=Black%2FWhite%20Check&webcat=MEN%2FClothing%2FCasual%20Shirts
Custom Fit Plaid Twill Shirt,"€ 129,00",https://www.ralphlauren.eu/pt/en/custom-fit-plaid-twill-shirt-492814.html?cgid=men-clothing-casual-shirts&dwvar492814_colorname=4086%20Pewter%2FCream&webcat=MEN%2FClothing%2FCasual%20Shirts
Custom Fit Plaid Poplin Shirt,"€ 99,00 - € 119,00",https://www.ralphlauren.eu/pt/en/custom-fit-plaid-poplin-shirt-481545.html?cgid=men-clothing-casual-shirts&webcat=MEN%2FClothing%2FCasual%20Shirts&dwvar481545_colorname=4035b%20Green%20Multi
Custom Fit Plaid Oxford Shirt,"€ 129,00",https://www.ralphlauren.eu/pt/en/custom-fit-plaid-oxford-shirt-504673.html?cgid=men-clothing-casual-shirts&dwvar504673_colorname=4139%20Pine%2FNavy%20Multi&webcat=MEN%2FClothing%2FCasual%20Shirts
Classic Fit Striped Shirt,"€ 105,00",https://www.ralphlauren.eu/pt/en/classic-fit-striped-shirt-440891.html?cgid=men-clothing-casual-shirts&dwvar440891_colorname=Black%2FWhite%20Hairline%20Stri&webcat=MEN%2FClothing%2FCasual%20Shirts
Custom Fit Gingham Shirt,"€ 99,00",https://www.ralphlauren.eu/pt/en/custom-fit-gingham-shirt-492797.html?cgid=men-clothing-casual-shirts&dwvar492797_colorname=2365b%20Chestnut%2FWhite&webcat=MEN%2FClothing%2FCasual%20Shirts
Slim Fit Striped Poplin Shirt,"€ 99,00",https://www.ralphlauren.eu/pt/en/slim-fit-striped-poplin-shirt-491012.html?cgid=men-clothing-casual-shirts&dwvar491012_colorname=4157%20Yatch%20Blue%2FWhite&webcat=MEN%2FClothing%2FCasual%20Shirts
Featherweight Mesh Shirt,"€ 109,00",https://www.ralphlauren.eu/pt/en/featherweight-mesh-shirt-470975.html?cgid=men-clothing-casual-shirts&dwvar470975_colorname=Aviator%20Navy&webcat=MEN%2FClothing%2FCasual%20Shirts
Slim Fit Oxford Shirt,"€ 109,00",https://www.ralphlauren.eu/pt/en/slim-fit-oxford-shirt-481547.html?cgid=men-clothing-casual-shirts&dwvar481547_colorname=Aubergine&webcat=MEN%2FClothing%2FCasual%20Shirts
Slim Fit Oxford Shirt,"€ 99,00",https://www.ralphlauren.eu/pt/en/slim-fit-oxford-shirt-492810.html?cgid=men-clothing-casual-shirts&dwvar492810_colorname=Yellow%20Oxford&webcat=MEN%2FClothing%2FCasual%20Shirts
Slim Fit Oxford Shirt,"€ 99,00",https://www.ralphlauren.eu/pt/en/slim-fit-oxford-shirt-506992.html?cgid=men-clothing-casual-shirts&dwvar506992_colorname=Bsr%20Blue&webcat=MEN%2FClothing%2FCasual%20Shirts
Classic Fit Poplin Shirt,"€ 99,00",https://www.ralphlauren.eu/pt/en/classic-fit-poplin-shirt-440890.html?cgid=men-clothing-casual-shirts&webcat=MEN%2FClothing%2FCasual%20Shirts&dwvar440890_colorname=Blue%20End%20On%20End
The Iconic Oxford Shirt,"€ 99,00",https://www.ralphlauren.eu/pt/en/the-iconic-oxford-shirt-342680.html?dwvar342680_colorname=Pink&cgid=men-clothing-casual-shirts&webcat=MEN%2FClothing%2FCasual%20Shirts
Custom Fit Corduroy Shirt,"€ 109,00",https://www.ralphlauren.eu/pt/en/custom-fit-corduroy-shirt-491003.html?cgid=men-clothing-casual-shirts&dwvar491003_colorname=Classic%20Wine&webcat=MEN%2FClothing%2FCasual%20Shirts
Slim Fit Oxford Shirt,"€ 109,00",https://www.ralphlauren.eu/pt/en/slim-fit-oxford-shirt-470840A1.html?cgid=men-clothing-casual-shirts&webcat=MEN%2FClothing%2FCasual%20Shirts&dwvar470840A1_colorname=Surrey%20Tan
Floral-Print Mesh Shirt,"€ 119,00",https://www.ralphlauren.eu/pt/en/floral-print-mesh-shirt-509347.html?cgid=men-clothing-casual-shirts&dwvar509347_colorname=Coconut%20Grove%20Floral%20Navy&webcat=MEN%2FClothing%2FCasual%20Shirts
Custom Fit Gingham Shirt,"€ 99,00",https://www.ralphlauren.eu/pt/en/custom-fit-gingham-shirt-492796.html?cgid=men-clothing-casual-shirts&dwvar492796_colorname=Burgundy%2FWhite&webcat=MEN%2FClothing%2FCasual%20Shirts
Custom Fit Striped Shirt,"€ 99,00",https://www.ralphlauren.eu/pt/en/custom-fit-striped-shirt-491013.html?cgid=men-clothing-casual-shirts&dwvar491013_colorname=2750a%20Burgundy%2FWhite&webcat=MEN%2FClothing%2FCasual%20Shirts
Custom Fit Oxford Shirt,"€ 99,00",https://www.ralphlauren.eu/pt/en/custom-fit-oxford-shirt-492812.html?cgid=men-clothing-casual-shirts&webcat=MEN%2FClothing%2FCasual%20Shirts&dwvar492812_colorname=4070b%20College%20Green
Custom Fit Oxford Shirt,"€ 109,00",https://www.ralphlauren.eu/pt/en/custom-fit-oxford-shirt-520919.html?cgid=men-clothing-casual-shirts&dwvar520919_colorname=Pioneer%20Red&webcat=MEN%2FClothing%2FCasual%20Shirts
Custom Fit Oxford Shirt,"€ 109,00",https://www.ralphlauren.eu/pt/en/custom-fit-oxford-shirt-509320.html?cgid=men-clothing-casual-shirts&dwvar509320_colorname=Blue%20Lagoon&webcat=MEN%2FClothing%2FCasual%20Shirts
Classic Fit Checked Shirt,"€ 105,00",https://www.ralphlauren.eu/pt/en/classic-fit-checked-shirt-440889.html?cgid=men-clothing-casual-shirts&dwvar440889_colorname=Black%2FWhite%20Check&webcat=MEN%2FClothing%2FCasual%20Shirts
Slim Fit Oxford Sport Shirt,"€ 99,00",https://www.ralphlauren.eu/pt/en/slim-fit-oxford-sport-shirt-311330.html?dwvar311330_colorname=Bsr%20Royal%2FWhite&cgid=men-clothing-casual-shirts&webcat=MEN%2FClothing%2FCasual%20Shirts
Classic Fit Linen Shirt,"€ 139,00",https://www.ralphlauren.eu/pt/en/classic-fit-linen-shirt-469208A1.html?cgid=men-clothing-casual-shirts&webcat=MEN%2FClothing%2FCasual%20Shirts&dwvar469208A1_colorname=Blue%2FWhite
Slim Fit Denim Sport Shirt,"€ 129,00",https://www.ralphlauren.eu/pt/en/slim-fit-denim-sport-shirt-310609.html?dwvar310609_colorname=Dark%20Wash&cgid=men-clothing-casual-shirts&webcat=MEN%2FClothing%2FCasual%20Shirts
Custom Fit Linen Shirt,"€ 129,00",https://www.ralphlauren.eu/pt/en/custom-fit-linen-shirt-509301.html?cgid=men-clothing-casual-shirts&webcat=MEN%2FClothing%2FCasual%20Shirts&dwvar509301_colorname=Golf%20Green
Slim Fit Checked Shirt,"€ 129,00",https://www.ralphlauren.eu/pt/en/slim-fit-checked-shirt-520727.html?dwvar520727_colorname=4393%20Blue%20Heather%2FNavy%20Mu&cgid=men-clothing-casual-shirts&webcat=MEN%2FClothing%2FCasual%20Shirts
Custom Fit Bear Oxford Shirt,"€ 109,00",https://www.ralphlauren.eu/pt/en/custom-fit-bear-oxford-shirt-492816.html?dwvar492816_colorname=2791%20Bsr%20Blue%20Bear&cgid=men-clothing-casual-shirts&webcat=MEN%2FClothing%2FCasual%20Shirts
Standard Fit Knit Oxford Shirt,"€ 109,00 - € 119,00",https://www.ralphlauren.eu/pt/en/standard-fit-knit-oxford-shirt-452624.html?cgid=men-clothing-casual-shirts&webcat=MEN%2FClothing%2FCasual%20Shirts&dwvar452624_colorname=Carmel%20Pink%2FWhite
Classic Fit Gingham Shirt,"€ 105,00",https://www.ralphlauren.eu/pt/en/classic-fit-gingham-shirt-423894.html?cgid=men-clothing-casual-shirts&dwvar423894_colorname=Blue%2FWhite%20Gingham&webcat=MEN%2FClothing%2FCasual%20Shirts
Classic Fit Western Shirt,"€ 149,00",https://www.ralphlauren.eu/pt/en/classic-fit-western-shirt-509262.html?dwvar509262_colorname=Belleview&cgid=men-clothing-casual-shirts&webcat=MEN%2FClothing%2FCasual%20Shirts
Slim Fit Striped Shirt,"€ 99,00",https://www.ralphlauren.eu/pt/en/slim-fit-striped-shirt-491004.html?cgid=men-clothing-casual-shirts&dwvar491004_colorname=2750a%20Burgundy%2FWhite&webcat=MEN%2FClothing%2FCasual%20Shirts
Slim Fit Oxford Sport Shirt,"€ 99,00",https://www.ralphlauren.eu/pt/en/slim-fit-oxford-sport-shirt-339864.html?cgid=men-clothing-casual-shirts&dwvar339864_colorname=Bsr%20Blue%2FWhite&webcat=MEN%2FClothing%2FCasual%20Shirts
Classic Fit Plaid Twill Shirt,"€ 129,00",https://www.ralphlauren.eu/pt/en/classic-fit-plaid-twill-shirt-480860.html?dwvar480860_colorname=4060%20Green%20Multi&cgid=men-clothing-casual-shirts&webcat=MEN%2FClothing%2FCasual%20Shirts
Custom Fit Corduroy Shirt,"€ 129,00",https://www.ralphlauren.eu/pt/en/custom-fit-corduroy-shirt-489885.html?cgid=men-clothing-casual-shirts&dwvar489885_colorname=St%20Andrews%20Paisley&webcat=MEN%2FClothing%2FCasual%20Shirts
Custom Fit Plaid Oxford Shirt,"€ 109,00",https://www.ralphlauren.eu/pt/en/custom-fit-plaid-oxford-shirt-492813.html?cgid=men-clothing-casual-shirts&dwvar492813_colorname=4124%20Evergreen%2FZest%20Multi&webcat=MEN%2FClothing%2FCasual%20Shirts
Slim Fit Striped Poplin Shirt,"€ 99,00 - € 105,00",https://www.ralphlauren.eu/pt/en/slim-fit-striped-poplin-shirt-440894.html?cgid=men-clothing-casual-shirts&dwvar440894_colorname=Black%2FWhite%20Hairline%20Stri&webcat=MEN%2FClothing%2FCasual%20Shirts
Slim Fit Indigo Dot Shirt,"€ 139,00",https://www.ralphlauren.eu/pt/en/slim-fit-indigo-dot-shirt-509329.html?dwvar509329_colorname=4385%20Four%20Corners%20Dot&cgid=men-clothing-casual-shirts&webcat=MEN%2FClothing%2FCasual%20Shirts
Custom Fit Plaid Oxford Shirt,"€ 99,00",https://www.ralphlauren.eu/pt/en/custom-fit-plaid-oxford-shirt-504672.html?dwvar504672_colorname=4125%20Navy%2FSunset%20Yellow&cgid=men-clothing-casual-shirts&webcat=MEN%2FClothing%2FCasual%20Shirts
Custom Fit Floral Shirt,"€ 149,00",https://www.ralphlauren.eu/pt/en/custom-fit-floral-shirt-492800.html?cgid=men-clothing-casual-shirts&dwvar492800_colorname=3416%20Autumn%20Floral&webcat=MEN%2FClothing%2FCasual%20Shirts
Herringbone Overshirt,"€ 299,00",https://www.ralphlauren.eu/pt/en/herringbone-overshirt-489855.html?cgid=men-clothing-casual-shirts&dwvar489855_colorname=Olive%20Twill&webcat=MEN%2FClothing%2FCasual%20Shirts
Custom Fit Striped Shirt,"€ 99,00",https://www.ralphlauren.eu/pt/en/custom-fit-striped-shirt-509327.html?cgid=men-clothing-casual-shirts&dwvar509327_colorname=4331a%20Blue%2FWhite%20Multi&webcat=MEN%2FClothing%2FCasual%20Shirts
Slim Fit Chambray Shirt,"€ 129,00",https://www.ralphlauren.eu/pt/en/slim-fit-chambray-shirt-462054.html?cgid=men-clothing-casual-shirts&dwvar462054_colorname=Medium%20Wash&webcat=MEN%2FClothing%2FCasual%20Shirts
Custom Slim Fit Mesh Shirt,"€ 109,00",https://www.ralphlauren.eu/pt/en/custom-slim-fit-mesh-shirt-427527.html?dwvar427527_colorname=White&cgid=men-clothing-casual-shirts&webcat=MEN%2FClothing%2FCasual%20Shirts
Custom Fit Oxford Shirt,"€ 119,00",https://www.ralphlauren.eu/pt/en/custom-fit-oxford-shirt-480973.html?cgid=men-clothing-casual-shirts&dwvar480973_colorname=3382%20White&webcat=MEN%2FClothing%2FCasual%20Shirts
Slim Fit Floral Jacquard Shirt,"€ 139,00",https://www.ralphlauren.eu/pt/en/slim-fit-floral-jacquard-shirt-509332.html?cgid=men-clothing-casual-shirts&dwvar509332_colorname=4381a%20Indigo%20Jacquard&webcat=MEN%2FClothing%2FCasual%20Shirts
Slim Fit Performance Shirt,"€ 139,00",https://www.ralphlauren.eu/pt/en/slim-fit-performance-shirt-522046.html?dwvar522046_colorname=Fl%20200e%20Blue%2FWhite&cgid=men-clothing-casual-shirts&webcat=MEN%2FClothing%2FCasual%20Shirts
Slim Fit Chambray Shirt,"€ 139,00",https://www.ralphlauren.eu/pt/en/slim-fit-chambray-shirt-489886.html?cgid=men-clothing-casual-shirts&dwvar489886_colorname=Indigo&webcat=MEN%2FClothing%2FCasual%20Shirts
Custom Fit Plaid Bear Shirt,"€ 149,00",https://www.ralphlauren.eu/pt/en/custom-fit-plaid-bear-shirt-492801.html?cgid=men-clothing-casual-shirts&dwvar492801_colorname=4213%20Blackwatch%20Bears&webcat=MEN%2FClothing%2FCasual%20Shirts
Custom Fit Plaid Poplin Shirt,"€ 119,00",https://www.ralphlauren.eu/pt/en/custom-fit-plaid-poplin-shirt-481543.html?cgid=men-clothing-casual-shirts&webcat=MEN%2FClothing%2FCasual%20Shirts&dwvar481543_colorname=4033b%20Blue%2FRed
Slim Fit Linen Shirt,"€ 129,00",https://www.ralphlauren.eu/pt/en/slim-fit-linen-shirt-509300.html?cgid=men-clothing-casual-shirts&dwvar509300_colorname=Newport%20Navy&webcat=MEN%2FClothing%2FCasual%20Shirts
Custom Fit Plaid Twill Shirt,"€ 129,00",https://www.ralphlauren.eu/pt/en/custom-fit-plaid-twill-shirt-492818.html?cgid=men-clothing-casual-shirts&dwvar492818_colorname=4141%20Violet%2FFern%20Multi&webcat=MEN%2FClothing%2FCasual%20Shirts
Slim Fit Chambray Shirt,"€ 139,00",https://www.ralphlauren.eu/pt/en/slim-fit-chambray-shirt-492819.html?cgid=men-clothing-casual-shirts&dwvar492819_colorname=4220%20Grey%20Chambray&webcat=MEN%2FClothing%2FCasual%20Shirts
Custom Fit Plaid Twill Shirt,"€ 129,00",https://www.ralphlauren.eu/pt/en/custom-fit-plaid-twill-shirt-492815.html?cgid=men-clothing-casual-shirts&dwvar492815_colorname=4114%20Sunset%20Red%2FWhite&webcat=MEN%2FClothing%2FCasual%20Shirts
Classic Fit Twill Shirt,"€ 189,00",https://www.ralphlauren.eu/pt/en/classic-fit-twill-shirt-489856.html?cgid=men-clothing-casual-shirts&dwvar489856_colorname=Khaki&webcat=MEN%2FClothing%2FCasual%20Shirts
Custom Fit Embroidered Shirt,"€ 169,00",https://www.ralphlauren.eu/pt/en/custom-fit-embroidered-shirt-509312.html?cgid=men-clothing-casual-shirts&dwvar509312_colorname=4374%20Bsr%20Blue&webcat=MEN%2FClothing%2FCasual%20Shirts
Custom Fit Striped Shirt,"€ 109,00",https://www.ralphlauren.eu/pt/en/custom-fit-striped-shirt-492811.html?cgid=men-clothing-casual-shirts&dwvar492811_colorname=4164%20Hunting%20Dog&webcat=MEN%2FClothing%2FCasual%20Shirts
Custom Fit Twill Shirt,"€ 149,00",https://www.ralphlauren.eu/pt/en/custom-fit-twill-shirt-480991.html?cgid=men-clothing-casual-shirts&dwvar480991_colorname=Earth%20Blue&webcat=MEN%2FClothing%2FCasual%20Shirts
Featherweight Mesh Shirt,"€ 109,00",https://www.ralphlauren.eu/pt/en/featherweight-mesh-shirt-509252.html?cgid=men-clothing-casual-shirts&dwvar509252_colorname=Empire%20Yellow%2FC7952&webcat=MEN%2FClothing%2FCasual%20Shirts
Custom Fit Graphic Shirt,"€ 149,00",https://www.ralphlauren.eu/pt/en/custom-fit-graphic-shirt-509311.html?dwvar509311_colorname=4377%20Varsity%20Stamp&cgid=men-clothing-casual-shirts&webcat=MEN%2FClothing%2FCasual%20Shirts
Slim Fit Paisley-Print Shirt,"€ 109,00",https://www.ralphlauren.eu/pt/en/slim-fit-paisley-print-shirt-492822.html?cgid=men-clothing-casual-shirts&dwvar492822_colorname=4180%20Inky%20Paisley&webcat=MEN%2FClothing%2FCasual%20Shirts
Classic Fit Oxford Shirt,"€ 105,00",https://www.ralphlauren.eu/pt/en/classic-fit-oxford-shirt-297659.html?cgid=men-clothing-casual-shirts&webcat=MEN%2FClothing%2FCasual%20Shirts&dwvar297659_colorname=Blue%2FWhite
Custom Fit Chino Shirt,"€ 149,00",https://www.ralphlauren.eu/pt/en/custom-fit-chino-shirt-481508.html?cgid=men-clothing-casual-shirts&dwvar481508_colorname=Empire%20Yellow&webcat=MEN%2FClothing%2FCasual%20Shirts
Custom Fit Plaid Twill Shirt,"€ 129,00",https://www.ralphlauren.eu/pt/en/custom-fit-plaid-twill-shirt-492802.html?cgid=men-clothing-casual-shirts&webcat=MEN%2FClothing%2FCasual%20Shirts&dwvar492802_colorname=4105%20Blue%2FTan%20Multi
Classic Fit Tropical Shirt,"€ 129,00",https://www.ralphlauren.eu/pt/en/classic-fit-tropical-shirt-469222.html?dwvar469222_colorname=Stormy%20Tropical&cgid=men-clothing-casual-shirts&webcat=MEN%2FClothing%2FCasual%20Shirts
Slim Fit Plaid Shirt,"€ 129,00",https://www.ralphlauren.eu/pt/en/slim-fit-plaid-shirt-509331.html?cgid=men-clothing-casual-shirts&webcat=MEN%2FClothing%2FCasual%20Shirts&dwvar509331_colorname=4395%20Grey%20Heather%2FBlue%20Mu
Classic Fit Striped Shirt,"€ 119,00",https://www.ralphlauren.eu/pt/en/classic-fit-striped-shirt-480977.html?cgid=men-clothing-casual-shirts&webcat=MEN%2FClothing%2FCasual%20Shirts&dwvar480977_colorname=4052%20Skull%20And%20Oars
Classic Fit Striped Shirt,"€ 119,00",https://www.ralphlauren.eu/pt/en/classic-fit-striped-shirt-480975.html?cgid=men-clothing-casual-shirts&dwvar480975_colorname=4065%20Rugby%20Bengel&webcat=MEN%2FClothing%2FCasual%20Shirts
Denim Western Shirt,"€ 149,00",https://www.ralphlauren.eu/pt/en/denim-western-shirt-489765.html?cgid=men-clothing-casual-shirts&dwvar489765_colorname=Warsaw&webcat=MEN%2FClothing%2FCasual%20Shirts
Slim Fit Striped Poplin Shirt,"€ 99,00",https://www.ralphlauren.eu/pt/en/slim-fit-striped-poplin-shirt-515671.html?cgid=men-clothing-casual-shirts&dwvar515671_colorname=4351d%20Orange%2FWhite&webcat=MEN%2FClothing%2FCasual%20Shirts
Classic Fit Print Shirt,"€ 119,00",https://www.ralphlauren.eu/pt/en/classic-fit-print-shirt-480974.html?cgid=men-clothing-casual-shirts&dwvar480974_colorname=4064%20Crest%20Flag&webcat=MEN%2FClothing%2FCasual%20Shirts
Classic Fit Striped Shirt,"€ 129,00",https://www.ralphlauren.eu/pt/en/classic-fit-striped-shirt-480859.html?cgid=men-clothing-casual-shirts&dwvar480859_colorname=Blue%20Multi&webcat=MEN%2FClothing%2FCasual%20Shirts
Classic Fit Marlin Camp Shirt,"€ 119,00",https://www.ralphlauren.eu/pt/en/classic-fit-marlin-camp-shirt-480984.html?cgid=men-clothing-casual-shirts&webcat=MEN%2FClothing%2FCasual%20Shirts&dwvar480984_colorname=Marlin
Classic Fit Chambray Shirt,"€ 129,00",https://www.ralphlauren.eu/pt/en/classic-fit-chambray-shirt-279038.html?cgid=men-clothing-casual-shirts&dwvar279038_colorname=Chambray&webcat=MEN%2FClothing%2FCasual%20Shirts
Slim Fit Plaid Twill Shirt,"€ 129,00",https://www.ralphlauren.eu/pt/en/slim-fit-plaid-twill-shirt-492804.html?cgid=men-clothing-casual-shirts&dwvar492804_colorname=4256%20Green%20Multi&webcat=MEN%2FClothing%2FCasual%20Shirts
Custom Fit Striped Linen Shirt,"€ 139,00",https://www.ralphlauren.eu/pt/en/custom-fit-striped-linen-shirt-509326.html?cgid=men-clothing-casual-shirts&webcat=MEN%2FClothing%2FCasual%20Shirts&dwvar509326_colorname=Light%20Blue%2FWhite
Camo Ripstop Overshirt,"€ 349,00",https://www.ralphlauren.eu/pt/en/camo-ripstop-overshirt-489857.html?cgid=men-clothing-casual-shirts&dwvar489857_colorname=Iconic%20Camo&webcat=MEN%2FClothing%2FCasual%20Shirts
Custom Fit Sportsman Shirt,"€ 169,00",https://www.ralphlauren.eu/pt/en/custom-fit-sportsman-shirt-480969.html?cgid=men-clothing-casual-shirts&dwvar480969_colorname=4029%20Polo%20Sportsman&webcat=MEN%2FClothing%2FCasual%20Shirts
Custom Fit Sailboat Shirt,"€ 149,00",https://www.ralphlauren.eu/pt/en/custom-fit-sailboat-shirt-514784.html?cgid=men-clothing-casual-shirts&dwvar514784_colorname=Nautical%20Sail&webcat=MEN%2FClothing%2FCasual%20Shirts
Custom Fit Crest-Print Shirt,"€ 169,00",https://www.ralphlauren.eu/pt/en/custom-fit-crest-print-shirt-480823.html?cgid=men-clothing-casual-shirts&webcat=MEN%2FClothing%2FCasual%20Shirts&dwvar480823_colorname=Blue%20Crest
Custom Fit Oxford Shirt,"€ 99,00",https://www.ralphlauren.eu/pt/en/custom-fit-oxford-shirt-506993.html?cgid=men-clothing-casual-shirts&dwvar506993_colorname=Lime&webcat=MEN%2FClothing%2FCasual%20Shirts
Slim Fit Performance Shirt,"€ 139,00",https://www.ralphlauren.eu/pt/en/slim-fit-performance-shirt-522047.html?cgid=men-clothing-casual-shirts&dwvar522047_colorname=1852%20-%20Navy%20Multi%2FWhite&webcat=MEN%2FClothing%2FCasual%20Shirts
Classic Fit Plaid Twill Shirt,"€ 169,00",https://www.ralphlauren.eu/pt/en/classic-fit-plaid-twill-shirt-492700.html?cgid=men-clothing-casual-shirts&webcat=MEN%2FClothing%2FCasual%20Shirts&dwvar492700_colorname=4085%20Jade%20Green%2FNavy%20Mult
Floral-Print Mesh Shirt,"€ 119,00",https://www.ralphlauren.eu/pt/en/floral-print-mesh-shirt-492678.html?cgid=men-clothing-casual-shirts&webcat=MEN%2FClothing%2FCasual%20Shirts&dwvar492678_colorname=Rosette%20Floral
Classic Fit Hawaiian Shirt,"€ 119,00",https://www.ralphlauren.eu/pt/en/classic-fit-hawaiian-shirt-481516.html?dwvar481516_colorname=4030%20Boutique%20Patio%20Flora&cgid=men-clothing-casual-shirts&webcat=MEN%2FClothing%2FCasual%20Shirts
Classic Fit Plaid Workshirt,"€ 169,00",https://www.ralphlauren.eu/pt/en/classic-fit-plaid-workshirt-490990.html?cgid=men-clothing-casual-shirts&dwvar490990_colorname=3424%20Pine%2FNavy%20Multi&webcat=MEN%2FClothing%2FCasual%20Shirts
Garment-Dyed Oxford Shirt,"€ 109,00",https://www.ralphlauren.eu/pt/en/garment-dyed-oxford-shirt-459930.html?dwvar459930_colorname=Chili%20Pepper&cgid=men-clothing-casual-shirts&webcat=MEN%2FClothing%2FCasual%20Shirts
Slim Fit Oxford Shirt,"€ 109,00",https://www.ralphlauren.eu/pt/en/slim-fit-oxford-shirt-490987.html?cgid=men-clothing-casual-shirts&dwvar490987_colorname=Rl2000%20Red&webcat=MEN%2FClothing%2FCasual%20Shirts
Classic Fit Oxford Shirt,"€ 119,00",https://www.ralphlauren.eu/pt/en/classic-fit-oxford-shirt-521078.html?cgid=men-clothing-casual-shirts&dwvar521078_colorname=2904%20Hunter%20Green%2FYellow&webcat=MEN%2FClothing%2FCasual%20Shirts
Classic Fit Checked Shirt,"€ 139,00",https://www.ralphlauren.eu/pt/en/classic-fit-checked-shirt-521076.html?cgid=men-clothing-casual-shirts&dwvar521076_colorname=2792a%20Raspberry%2FMocha&webcat=MEN%2FClothing%2FCasual%20Shirts
Classic Fit Corduroy Workshirt,"€ 249,00",https://www.ralphlauren.eu/pt/en/classic-fit-corduroy-workshirt-489875.html?cgid=men-clothing-casual-shirts&dwvar489875_colorname=Polo%20Black&webcat=MEN%2FClothing%2FCasual%20Shirts
Custom Fit Striped Fun Shirt,"€ 169,00",https://www.ralphlauren.eu/pt/en/custom-fit-striped-fun-shirt-480818.html?cgid=men-clothing-casual-shirts&dwvar480818_colorname=Heraldic%20Icon&webcat=MEN%2FClothing%2FCasual%20Shirts
Pink Pony Classic Fit Shirt,"€ 119,00",https://www.ralphlauren.eu/pt/en/pink-pony-classic-fit-shirt-491015.html?cgid=men-clothing-casual-shirts&dwvar491015_colorname=Bsr%20White%20Pink%20Pony&webcat=MEN%2FClothing%2FCasual%20Shirts
Classic Fit Oxford Shirt,"€ 109,00",https://www.ralphlauren.eu/pt/en/classic-fit-oxford-shirt-521106.html?cgid=men-clothing-casual-shirts&dwvar521106_colorname=1963%20Hunter%20Green%2FNavy%20Mu&webcat=MEN%2FClothing%2FCasual%20Shirts
Custom Fit Graphic Camp Shirt,"€ 129,00",https://www.ralphlauren.eu/pt/en/custom-fit-graphic-camp-shirt-480707.html?cgid=men-clothing-casual-shirts&dwvar480707_colorname=Rl%20Stadium%20Scarf&webcat=MEN%2FClothing%2FCasual%20Shirts
Limited-Edition Western Shirt,"€ 499,00",https://www.ralphlauren.eu/pt/en/limited-edition-western-shirt-489762.html?cgid=men-clothing-casual-shirts&dwvar489762_colorname=Beckson%20Repaired&webcat=MEN%2FClothing%2FCasual%20Shirts
Slim Fit Performance Shirt,"€ 119,00",https://www.ralphlauren.eu/pt/en/slim-fit-performance-shirt-522864.html?dwvar522864_colorname=French%20Navy&cgid=men-clothing-casual-shirts&webcat=MEN%2FClothing%2FCasual%20Shirts
Custom Fit Graphic Workshirt,"€ 169,00",https://www.ralphlauren.eu/pt/en/custom-fit-graphic-workshirt-481568.html?cgid=men-clothing-casual-shirts&webcat=MEN%2FClothing%2FCasual%20Shirts&dwvar481568_colorname=4186%20Patchwork%20Runners
Slim Fit Ski Bear Twill Shirt,"€ 129,00",https://www.ralphlauren.eu/pt/en/slim-fit-ski-bear-twill-shirt-490989.html?cgid=men-clothing-casual-shirts&dwvar490989_colorname=4259%20Green%20Bear%20Multi&webcat=MEN%2FClothing%2FCasual%20Shirts
Classic Fit Gingham Shirt,"€ 99,00",https://www.ralphlauren.eu/pt/en/classic-fit-gingham-shirt-456048.html?dwvar456048_colorname=2365b%20Chestnut%2FWhite&cgid=men-clothing-casual-shirts&webcat=MEN%2FClothing%2FCasual%20Shirts
Patchwork Jacquard Overshirt,"€ 299,00",https://www.ralphlauren.eu/pt/en/patchwork-jacquard-overshirt-492793.html?cgid=men-clothing-casual-shirts&dwvar492793_colorname=3451%20Patchwork&webcat=MEN%2FClothing%2FCasual%20Shirts
Slim Fit Checked Shirt,"€ 109,00",https://www.ralphlauren.eu/pt/en/slim-fit-checked-shirt-521072.html?cgid=men-clothing-casual-shirts&dwvar521072_colorname=2448c%20Wine%2FBlue%20Multi&webcat=MEN%2FClothing%2FCasual%20Shirts
Classic Fit Plaid Poplin Shirt,"€ 109,00",https://www.ralphlauren.eu/pt/en/classic-fit-plaid-poplin-shirt-4795691a.html?cgid=men-clothing-casual-shirts&dwvar4795691a_colorname=Key%20West%20Orange%2FBlue%20Mul&webcat=MEN%2FClothing%2FCasual%20Shirts
Slim Fit Tropical-Print Shirt,"€ 119,00",https://www.ralphlauren.eu/pt/en/slim-fit-tropical-print-shirt-509321.html?cgid=men-clothing-casual-shirts&webcat=MEN%2FClothing%2FCasual%20Shirts&dwvar509321_colorname=4313a%20Flying%20Fish
Classic Fit Striped Shirt,"€ 99,00",https://www.ralphlauren.eu/pt/en/classic-fit-striped-shirt-446834.html?cgid=men-clothing-casual-shirts&webcat=MEN%2FClothing%2FCasual%20Shirts&dwvar446834_colorname=2364a%20Blue%2FWhite
Classic Fit Oxford Shirt,"€ 119,00",https://www.ralphlauren.eu/pt/en/classic-fit-oxford-shirt-460022.html?cgid=men-clothing-casual-shirts&dwvar460022_colorname=Blue%20Lagoon&webcat=MEN%2FClothing%2FCasual%20Shirts
Classic Fit Plaid Oxford Shirt,"€ 109,00",https://www.ralphlauren.eu/pt/en/classic-fit-plaid-oxford-shirt-509379.html?cgid=men-clothing-casual-shirts&webcat=MEN%2FClothing%2FCasual%20Shirts&dwvar509379_colorname=4345%20Blue%2FWhite%20Multi
Classic Fit Plaid Oxford Shirt,"€ 109,00 - € 129,00",https://www.ralphlauren.eu/pt/en/classic-fit-plaid-oxford-shirt-492019.html?cgid=men-clothing-casual-shirts&dwvar492019_colorname=4123%20Rustic%20Red%2FYellow%20Mu&webcat=MEN%2FClothing%2FCasual%20Shirts
Classic Fit Oxford Shirt,"€ 109,00",https://www.ralphlauren.eu/pt/en/classic-fit-oxford-shirt-531008.html?cgid=men-clothing-casual-shirts&dwvar531008_colorname=Surrey%20Tan&webcat=MEN%2FClothing%2FCasual%20Shirts
Classic Fit Oxford Shirt,"€ 119,00",https://www.ralphlauren.eu/pt/en/classic-fit-oxford-shirt-492006.html?cgid=men-clothing-casual-shirts&dwvar492006_colorname=Cruise%20Navy&webcat=MEN%2FClothing%2FCasual%20Shirts
Classic Fit Striped Shirt,"€ 109,00",https://www.ralphlauren.eu/pt/en/classic-fit-striped-shirt-442403.html?cgid=men-clothing-casual-shirts&dwvar442403_colorname=Blue%2FWhite%20Hairline&webcat=MEN%2FClothing%2FCasual%20Shirts
Classic Fit Oxford Shirt,"€ 109,00",https://www.ralphlauren.eu/pt/en/classic-fit-oxford-shirt-499637.html?cgid=men-clothing-casual-shirts&dwvar499637_colorname=Bsr%20Blue&webcat=MEN%2FClothing%2FCasual%20Shirts
Classic Fit Corduroy Shirt,"€ 119,00",https://www.ralphlauren.eu/pt/en/classic-fit-corduroy-shirt-492045.html?cgid=men-clothing-casual-shirts&dwvar492045_colorname=Classic%20Wine&webcat=MEN%2FClothing%2FCasual%20Shirts
Classic Fit Poplin Shirt,"€ 109,00",https://www.ralphlauren.eu/pt/en/classic-fit-poplin-shirt-442405.html?cgid=men-clothing-casual-shirts&webcat=MEN%2FClothing%2FCasual%20Shirts&dwvar442405_colorname=White
Classic Fit Oxford Shirt,"€ 119,00",https://www.ralphlauren.eu/pt/en/classic-fit-oxford-shirt-531009.html?cgid=men-clothing-casual-shirts&webcat=MEN%2FClothing%2FCasual%20Shirts&dwvar531009_colorname=Pioneer%20Red
Classic Fit Oxford Shirt,"€ 119,00",https://www.ralphlauren.eu/pt/en/classic-fit-oxford-shirt-492028.html?cgid=men-clothing-casual-shirts&dwvar492028_colorname=Company%20Olive&webcat=MEN%2FClothing%2FCasual%20Shirts
Classic Fit Oxford Shirt,"€ 109,00",https://www.ralphlauren.eu/pt/en/classic-fit-oxford-shirt-68633.html?dwvar68633_colorname=4070a%20Thistle&cgid=men-clothing-casual-shirts&webcat=MEN%2FClothing%2FCasual%20Shirts
Print Mesh Shirt,"€ 129,00",https://www.ralphlauren.eu/pt/en/print-mesh-shirt-509381.html?cgid=men-clothing-casual-shirts&dwvar509381_colorname=Coconut%20Grove%20Floral%20Navy&webcat=MEN%2FClothing%2FCasual%20Shirts
Classic Fit Oxford Shirt,"€ 109,00",https://www.ralphlauren.eu/pt/en/classic-fit-oxford-shirt-487139.html?cgid=men-clothing-casual-shirts&webcat=MEN%2FClothing%2FCasual%20Shirts&dwvar487139_colorname=Blue
Gingham Cotton Oxford Shirt,"€ 109,00",https://www.ralphlauren.eu/pt/en/gingham-cotton-oxford-shirt-331524.html?cgid=men-clothing-casual-shirts&dwvar331524_colorname=Blue%2FWhite%20Gingham&webcat=MEN%2FClothing%2FCasual%20Shirts
Classic Fit Paisley Shirt,"€ 119,00",https://www.ralphlauren.eu/pt/en/classic-fit-paisley-shirt-492025.html?dwvar492025_colorname=4180%20Inky%20Paisley&cgid=men-clothing-casual-shirts&webcat=MEN%2FClothing%2FCasual%20Shirts
Classic Fit Plaid Oxford Shirt,"€ 129,00",https://www.ralphlauren.eu/pt/en/classic-fit-plaid-oxford-shirt-483631.html?cgid=men-clothing-casual-shirts&dwvar483631_colorname=4046%20Red%20Multi&webcat=MEN%2FClothing%2FCasual%20Shirts
Classic Fit Plaid Oxford Shirt,"€ 109,00",https://www.ralphlauren.eu/pt/en/classic-fit-plaid-oxford-shirt-531010.html?dwvar531010_colorname=4127%20Hunter%20Green%2FNavy%20Mu&cgid=men-clothing-casual-shirts&webcat=MEN%2FClothing%2FCasual%20Shirts
Classic Fit Striped Shirt,"€ 109,00",https://www.ralphlauren.eu/pt/en/classic-fit-striped-shirt-492020.html?cgid=men-clothing-casual-shirts&dwvar492020_colorname=4156%20White%2FSky%20Blue&webcat=MEN%2FClothing%2FCasual%20Shirts
Classic Fit Plaid Twill Shirt,"€ 139,00",https://www.ralphlauren.eu/pt/en/classic-fit-plaid-twill-shirt-492030.html?dwvar492030_colorname=3434a%20Royal%2F%20Black&cgid=men-clothing-casual-shirts&webcat=MEN%2FClothing%2FCasual%20Shirts
Print Mesh Shirt,"€ 129,00",https://www.ralphlauren.eu/pt/en/print-mesh-shirt-509378.html?cgid=men-clothing-casual-shirts&dwvar509378_colorname=Deco%20Petal%20Print&webcat=MEN%2FClothing%2FCasual%20Shirts
Featherweight Mesh Shirt,"€ 119,00",https://www.ralphlauren.eu/pt/en/featherweight-mesh-shirt-467858.html?cgid=men-clothing-casual-shirts&dwvar467858_colorname=White&webcat=MEN%2FClothing%2FCasual%20Shirts
Classic Fit Plaid Twill Shirt,"€ 139,00",https://www.ralphlauren.eu/pt/en/classic-fit-plaid-twill-shirt-492038.html?cgid=men-clothing-casual-shirts&dwvar492038_colorname=3434c%20Emerald%2FBlack&webcat=MEN%2FClothing%2FCasual%20Shirts
Striped Cotton Oxford Shirt,"€ 119,00",https://www.ralphlauren.eu/pt/en/striped-cotton-oxford-shirt-331523.html?dwvar331523_colorname=Blue%2FWhite%20Stripe&cgid=men-clothing-casual-shirts&webcat=MEN%2FClothing%2FCasual%20Shirts
Classic Fit Floral Shirt,"€ 119,00",https://www.ralphlauren.eu/pt/en/classic-fit-floral-shirt-504670.html?cgid=men-clothing-casual-shirts&dwvar504670_colorname=4182%20Blue%20Bud&webcat=MEN%2FClothing%2FCasual%20Shirts
Classic Fit Poplin Shirt,"€ 109,00",https://www.ralphlauren.eu/pt/en/classic-fit-poplin-shirt-442404.html?cgid=men-clothing-casual-shirts&dwvar442404_colorname=Blue%2FWhite%20Check&webcat=MEN%2FClothing%2FCasual%20Shirts
Classic Fit Oxford Shirt,"€ 119,00",https://www.ralphlauren.eu/pt/en/classic-fit-oxford-shirt-446979.html?cgid=men-clothing-casual-shirts&dwvar446979_colorname=RL%20Navy&webcat=MEN%2FClothing%2FCasual%20Shirts
Classic Fit Linen Shirt,"€ 149,00",https://www.ralphlauren.eu/pt/en/classic-fit-linen-shirt-516464.html?cgid=men-clothing-casual-shirts&dwvar516464_colorname=Summer%20Royal&webcat=MEN%2FClothing%2FCasual%20Shirts
Classic Fit Plaid Poplin Shirt,"€ 109,00",https://www.ralphlauren.eu/pt/en/classic-fit-plaid-poplin-shirt-504671.html?cgid=men-clothing-casual-shirts&dwvar504671_colorname=4159%20Refelx%20Blue%2FWhite&webcat=MEN%2FClothing%2FCasual%20Shirts
Classic Fit Plaid Twill Shirt,"€ 139,00",https://www.ralphlauren.eu/pt/en/classic-fit-plaid-twill-shirt-492022.html?cgid=men-clothing-casual-shirts&webcat=MEN%2FClothing%2FCasual%20Shirts&dwvar492022_colorname=4114%20Sunset%20Red%2FWhite
Classic Fit Seersucker Shirt,"€ 109,00",https://www.ralphlauren.eu/pt/en/classic-fit-seersucker-shirt-522973.html?cgid=men-clothing-casual-shirts&dwvar522973_colorname=4579b%20Light%20Blue%2FWhite&webcat=MEN%2FClothing%2FCasual%20Shirts
Classic Fit Plaid Poplin Shirt,"€ 119,00",https://www.ralphlauren.eu/pt/en/classic-fit-plaid-poplin-shirt-483632.html?cgid=men-clothing-casual-shirts&dwvar483632_colorname=4036%20Navy%20Multi&webcat=MEN%2FClothing%2FCasual%20Shirts
Classic Fit Foulard Shirt,"€ 119,00",https://www.ralphlauren.eu/pt/en/classic-fit-foulard-shirt-509377.html?cgid=men-clothing-casual-shirts&dwvar509377_colorname=4307%20Ocean%20Foulard&webcat=MEN%2FClothing%2FCasual%20Shirts
Classic Fit Seersucker Shirt,"€ 109,00",https://www.ralphlauren.eu/pt/en/classic-fit-seersucker-shirt-516387.html?cgid=men-clothing-casual-shirts&dwvar516387_colorname=White&webcat=MEN%2FClothing%2FCasual%20Shirts
Classic Fit Oxford Shirt,"€ 109,00",https://www.ralphlauren.eu/pt/en/classic-fit-oxford-shirt-518296.html?dwvar518296_colorname=College%20Green&cgid=men-clothing-casual-shirts&webcat=MEN%2FClothing%2FCasual%20Shirts
Classic Fit Surfboard Shirt,"€ 139,00",https://www.ralphlauren.eu/pt/en/classic-fit-surfboard-shirt-516209.html?cgid=men-clothing-casual-shirts&webcat=MEN%2FClothing%2FCasual%20Shirts&dwvar516209_colorname=4631%20Bsr%20Blue%20Aoe
Classic Fit Plaid Twill Shirt,"€ 139,00",https://www.ralphlauren.eu/pt/en/classic-fit-plaid-twill-shirt-492021.html?dwvar492021_colorname=4141%20Violet%2FFern%20Multi&cgid=men-clothing-casual-shirts&webcat=MEN%2FClothing%2FCasual%20Shirts
Classic Fit Cotton Mesh Shirt,"€ 119,00",https://www.ralphlauren.eu/pt/en/classic-fit-cotton-mesh-shirt-509367.html?cgid=men-clothing-casual-shirts&dwvar509367_colorname=Palm%20Green%20Heather%2FC7975&webcat=MEN%2FClothing%2FCasual%20Shirts
Classic Fit Striped Shirt,"€ 129,00",https://www.ralphlauren.eu/pt/en/classic-fit-striped-shirt-487147.html?cgid=men-clothing-casual-shirts&dwvar487147_colorname=Skull%20And%20Oars&webcat=MEN%2FClothing%2FCasual%20Shirts
Classic Fit Plaid Workshirt,"€ 179,00",https://www.ralphlauren.eu/pt/en/classic-fit-plaid-workshirt-492029.html?cgid=men-clothing-casual-shirts&dwvar492029_colorname=3424%20Pine%2FNavy%20Multi&webcat=MEN%2FClothing%2FCasual%20Shirts
Classic Fit Striped Shirt,"€ 109,00",https://www.ralphlauren.eu/pt/en/classic-fit-striped-shirt-508998.html?cgid=men-clothing-casual-shirts&dwvar508998_colorname=Blue%2FWhite%20Multi&webcat=MEN%2FClothing%2FCasual%20Shirts
Classic Fit Oxford Shirt,"€ 109,00",https://www.ralphlauren.eu/pt/en/classic-fit-oxford-shirt-487138.html?cgid=men-clothing-casual-shirts&dwvar487138_colorname=Pink&webcat=MEN%2FClothing%2FCasual%20Shirts
Classic Fit Oxford Shirt,"€ 119,00",https://www.ralphlauren.eu/pt/en/classic-fit-oxford-shirt-516206.html?cgid=men-clothing-casual-shirts&dwvar516206_colorname=4518a%20Blue%2FTurquoise%20Mult&webcat=MEN%2FClothing%2FCasual%20Shirts
Striped Twill Shirt,"€ 370,00",https://www.ralphlauren.eu/pt/en/striped-twill-shirt-491531.html?cgid=men-clothing-casual-shirts&dwvar491531_colorname=Blue%20And%20White&webcat=MEN%2FClothing%2FCasual%20Shirts
Striped Oxford Shirt,"€ 370,00",https://www.ralphlauren.eu/pt/en/striped-oxford-shirt-505193.html?cgid=men-clothing-casual-shirts&dwvar505193_colorname=Blue%20And%20White&webcat=MEN%2FClothing%2FCasual%20Shirts
Plaid Twill Western Shirt,"€ 390,00",https://www.ralphlauren.eu/pt/en/plaid-twill-western-shirt-505913.html?cgid=men-clothing-casual-shirts&dwvar505913_colorname=Ombre%20Blue&webcat=MEN%2FClothing%2FCasual%20Shirts
Tailored Fit Knit Shirt,"€ 440,00",https://www.ralphlauren.eu/pt/en/tailored-fit-knit-shirt-390974a1.html?cgid=men-clothing-casual-shirts&dwvar390974a1_colorname=Blue&webcat=MEN%2FClothing%2FCasual%20Shirts
Bengal-Stripe Twill Shirt,"€ 370,00",https://www.ralphlauren.eu/pt/en/bengal-stripe-twill-shirt-491534.html?cgid=men-clothing-casual-shirts&dwvar491534_colorname=Blue%20And%20White&webcat=MEN%2FClothing%2FCasual%20Shirts
Oxford Shirt,"€ 365,00",https://www.ralphlauren.eu/pt/en/oxford-shirt-327298.html?cgid=men-clothing-casual-shirts&dwvar327298_colorname=Light%20Blue&webcat=MEN%2FClothing%2FCasual%20Shirts
Tartan Shirt,"€ 480,00",https://www.ralphlauren.eu/pt/en/tartan-shirt-491648.html?cgid=men-clothing-casual-shirts&dwvar491648_colorname=Navy%20With%20Red%20And%20White&webcat=MEN%2FClothing%2FCasual%20Shirts
Keaton Tailored Chambray Shirt,"€ 385,00",https://www.ralphlauren.eu/pt/en/keaton-tailored-chambray-shirt-346543.html?cgid=men-clothing-casual-shirts&webcat=MEN%2FClothing%2FCasual%20Shirts&dwvar346543_colorname=Bermuda%20Wash
Tailored Fit Knit Shirt,"€ 440,00",https://www.ralphlauren.eu/pt/en/tailored-fit-knit-shirt-390974.html?cgid=men-clothing-casual-shirts&dwvar390974_colorname=White&webcat=MEN%2FClothing%2FCasual%20Shirts
Chambray Shirt,"€ 385,00",https://www.ralphlauren.eu/pt/en/chambray-shirt-364008.html?dwvar364008_colorname=Dark%20Wash&cgid=men-clothing-casual-shirts&webcat=MEN%2FClothing%2FCasual%20Shirts
Washed Oxford Shirt,"€ 335,00 - € 340,00",https://www.ralphlauren.eu/pt/en/washed-oxford-shirt-483505.html?cgid=men-clothing-casual-shirts&dwvar483505_colorname=Light%20Blue&webcat=MEN%2FClothing%2FCasual%20Shirts
Checked Shirt,"€ 420,00",https://www.ralphlauren.eu/pt/en/checked-shirt-491506.html?cgid=men-clothing-casual-shirts&dwvar491506_colorname=Forest%20And%20White&webcat=MEN%2FClothing%2FCasual%20Shirts
Linen Shirt,"€ 385,00",https://www.ralphlauren.eu/pt/en/linen-shirt-327122.html?cgid=men-clothing-casual-shirts&dwvar327122_colorname=Classic%20Navy&webcat=MEN%2FClothing%2FCasual%20Shirts
Linen Chambray Western Shirt,"€ 480,00",https://www.ralphlauren.eu/pt/en/linen-chambray-western-shirt-491513.html?dwvar491513_colorname=Dk%20Blue&cgid=men-clothing-casual-shirts&webcat=MEN%2FClothing%2FCasual%20Shirts
Tartan Twill Shirt,"€ 480,00",https://www.ralphlauren.eu/pt/en/tartan-twill-shirt-491618.html?cgid=men-clothing-casual-shirts&dwvar491618_colorname=Navy%20And%20Green&webcat=MEN%2FClothing%2FCasual%20Shirts
Plaid Linen Twill Shirt,"€ 390,00",https://www.ralphlauren.eu/pt/en/plaid-linen-twill-shirt-506333.html?dwvar506333_colorname=Multi%20Blue&cgid=men-clothing-casual-shirts&webcat=MEN%2FClothing%2FCasual%20Shirts
Linen Chambray Shirt,"€ 390,00",https://www.ralphlauren.eu/pt/en/linen-chambray-shirt-505919.html?cgid=men-clothing-casual-shirts&dwvar505919_colorname=Mid%20Blue&webcat=MEN%2FClothing%2FCasual%20Shirts
Plaid Linen Western Shirt,"€ 390,00",https://www.ralphlauren.eu/pt/en/plaid-linen-western-shirt-506334.html?cgid=men-clothing-casual-shirts&dwvar506334_colorname=Blue%20And%20White&webcat=MEN%2FClothing%2FCasual%20Shirts
Brushed Twill Shirt,"€ 420,00",https://www.ralphlauren.eu/pt/en/brushed-twill-shirt-491529.html?cgid=men-clothing-casual-shirts&webcat=MEN%2FClothing%2FCasual%20Shirts&dwvar491529_colorname=Blue%20And%20White
Linen Chambray Shirt,"€ 420,00",https://www.ralphlauren.eu/pt/en/linen-chambray-shirt-491507.html?cgid=men-clothing-casual-shirts&dwvar491507_colorname=Light%20Blue&webcat=MEN%2FClothing%2FCasual%20Shirts
Linen Chambray Shirt,"€ 390,00",https://www.ralphlauren.eu/pt/en/linen-chambray-shirt-505922.html?cgid=men-clothing-casual-shirts&dwvar505922_colorname=Aqua&webcat=MEN%2FClothing%2FCasual%20Shirts
Oxford Shirt,"€ 290,00",https://www.ralphlauren.eu/pt/en/oxford-shirt-505925.html?cgid=men-clothing-casual-shirts&dwvar505925_colorname=Aqua&webcat=MEN%2FClothing%2FCasual%20Shirts
Striped Oxford Shirt,"€ 290,00",https://www.ralphlauren.eu/pt/en/striped-oxford-shirt-505924.html?cgid=men-clothing-casual-shirts&dwvar505924_colorname=Blue&webcat=MEN%2FClothing%2FCasual%20Shirts
Flannel Shirt,"€ 290,00",https://www.ralphlauren.eu/pt/en/flannel-shirt-506336.html?cgid=men-clothing-casual-shirts&dwvar506336_colorname=Light%20Blue&webcat=MEN%2FClothing%2FCasual%20Shirts
Washed Pique Shirt,"€ 290,00",https://www.ralphlauren.eu/pt/en/washed-pique-shirt-505563.html?cgid=men-clothing-casual-shirts&dwvar505563_colorname=Lt%20Grey%20Heather&webcat=MEN%2FClothing%2FCasual%20Shirts
Plaid Linen Chambray Shirt,"€ 390,00",https://www.ralphlauren.eu/pt/en/plaid-linen-chambray-shirt-505921.html?cgid=men-clothing-casual-shirts&dwvar505921_colorname=Multi%20Pink&webcat=MEN%2FClothing%2FCasual%20Shirts
Foulard-Print Twill Shirt,"€ 600,00",https://www.ralphlauren.eu/pt/en/foulard-print-twill-shirt-506332.html?cgid=men-clothing-casual-shirts&dwvar506332_colorname=Light%20Blue&webcat=MEN%2FClothing%2FCasual%20Shirts
Washed Cotton Oxford Shirt,"€ 340,00",https://www.ralphlauren.eu/pt/en/washed-cotton-oxford-shirt-466953.html?cgid=men-clothing-casual-shirts&dwvar466953_colorname=Pink&webcat=MEN%2FClothing%2FCasual%20Shirts
Plaid Cashmere Shirt,"€ 1.440,00",https://www.ralphlauren.eu/pt/en/plaid-cashmere-shirt-491647.html?cgid=men-clothing-casual-shirts&dwvar491647_colorname=Navy%20And%20Green&webcat=MEN%2FClothing%2FCasual%20Shirts
Easy Care Oxford Shirt,"€ 290,00",https://www.ralphlauren.eu/pt/en/easy-care-oxford-shirt-491667.html?cgid=men-clothing-casual-shirts&dwvar491667_colorname=Blue&webcat=MEN%2FClothing%2FCasual%20Shirts
Suede-Trim Plaid Merino Shirt,"€ 655,00",https://www.ralphlauren.eu/pt/en/suede-trim-plaid-merino-shirt-491639.html?cgid=men-clothing-casual-shirts&dwvar491639_colorname=Camel%20Multi&webcat=MEN%2FClothing%2FCasual%20Shirts
Oxford Shirt,"€ 390,00",https://www.ralphlauren.eu/pt/en/oxford-shirt-491669.html?cgid=men-clothing-casual-shirts&dwvar491669_colorname=White&webcat=MEN%2FClothing%2FCasual%20Shirts
Easy Care Houndstooth Shirt,"€ 290,00",https://www.ralphlauren.eu/pt/en/easy-care-houndstooth-shirt-491668.html?cgid=men-clothing-casual-shirts&webcat=MEN%2FClothing%2FCasual%20Shirts&dwvar491668_colorname=Blue
Gingham Twill Shirt,"€ 390,00",https://www.ralphlauren.eu/pt/en/gingham-twill-shirt-491661.html?cgid=men-clothing-casual-shirts&dwvar491661_colorname=Blue&webcat=MEN%2FClothing%2FCasual%20Shirts
Bengal-Striped Twill Shirt,"€ 360,00",https://www.ralphlauren.eu/pt/en/bengal-striped-twill-shirt-491666.html?cgid=men-clothing-casual-shirts&dwvar491666_colorname=Royal&webcat=MEN%2FClothing%2FCasual%20Shirts
End-on-End Shirt,"€ 360,00",https://www.ralphlauren.eu/pt/en/end-on-end-shirt-491665.html?cgid=men-clothing-casual-shirts&webcat=MEN%2FClothing%2FCasual%20Shirts&dwvar491665_colorname=Black
Indigo Chambray Workshirt,"€ 195,00",https://www.ralphlauren.eu/pt/en/indigo-chambray-workshirt-475097.html?dwvar475097_colorname=Medium%20Wash&cgid=men-clothing-casual-shirts&webcat=MEN%2FClothing%2FCasual%20Shirts
Denim Western Shirt,"€ 250,00",https://www.ralphlauren.eu/pt/en/denim-western-shirt-394443.html?cgid=men-clothing-casual-shirts&webcat=MEN%2FClothing%2FCasual%20Shirts&dwvar394443_colorname=Black%20And%20Black
Leather-Yoke Western Overshirt,"€ 355,00",https://www.ralphlauren.eu/pt/en/leather-yoke-western-overshirt-493787.html?cgid=men-clothing-casual-shirts&dwvar493787_colorname=Rl-219%20Olive%2FBrown&webcat=MEN%2FClothing%2FCasual%20Shirts
Slim Fit Denim Western Shirt,"€ 245,00",https://www.ralphlauren.eu/pt/en/slim-fit-denim-western-shirt-86371.html?cgid=men-clothing-casual-shirts&dwvar86371_colorname=Rinse&webcat=MEN%2FClothing%2FCasual%20Shirts
Western-Print Camp Shirt,"€ 315,00",https://www.ralphlauren.eu/pt/en/western-print-camp-shirt-493788.html?cgid=men-clothing-casual-shirts&webcat=MEN%2FClothing%2FCasual%20Shirts&dwvar493788_colorname=Rl-218%20Red%2FCream
Denim Workshirt,"€ 195,00",https://www.ralphlauren.eu/pt/en/denim-workshirt-394442.html?cgid=men-clothing-casual-shirts&dwvar394442_colorname=Black%20And%20White&webcat=MEN%2FClothing%2FCasual%20Shirts
Jacquard Overshirt,"€ 550,00",https://www.ralphlauren.eu/pt/en/jacquard-overshirt-493780.html?cgid=men-clothing-casual-shirts&dwvar493780_colorname=Rl-215%20Tan%2FRed&webcat=MEN%2FClothing%2FCasual%20Shirts
Sateen Workshirt,"€ 265,00",https://www.ralphlauren.eu/pt/en/sateen-workshirt-493818.html?cgid=men-clothing-casual-shirts&webcat=MEN%2FClothing%2FCasual%20Shirts&dwvar493818_colorname=Rl%20224%20Dark%20Indigo
Herringbone Twill Shirt,"€ 175,00",https://www.ralphlauren.eu/pt/en/herringbone-twill-shirt-468553.html?cgid=men-clothing-casual-shirts&dwvar468553_colorname=Olive%20Drab&webcat=MEN%2FClothing%2FCasual%20Shirts
Indigo Jacquard Overshirt,"€ 550,00",https://www.ralphlauren.eu/pt/en/indigo-jacquard-overshirt-493779.html?cgid=men-clothing-casual-shirts&dwvar493779_colorname=Rl%20220%20Dark%20Indigo&webcat=MEN%2FClothing%2FCasual%20Shirts
Plaid Twill Workshirt,"€ 205,00",https://www.ralphlauren.eu/pt/en/plaid-twill-workshirt-493783.html?cgid=men-clothing-casual-shirts&dwvar493783_colorname=Rl-213%20Green%2FRed&webcat=MEN%2FClothing%2FCasual%20Shirts
Slim Fit Denim Western Shirt,"€ 250,00",https://www.ralphlauren.eu/pt/en/slim-fit-denim-western-shirt-113231.html?cgid=men-clothing-casual-shirts&dwvar113231_colorname=Dark%20Wash&webcat=MEN%2FClothing%2FCasual%20Shirts
Slim Fit Denim Western Shirt,"€ 550,00",https://www.ralphlauren.eu/pt/en/slim-fit-denim-western-shirt-493786.html?cgid=men-clothing-casual-shirts&dwvar493786_colorname=Cary%20Wash&webcat=MEN%2FClothing%2FCasual%20Shirts
Plaid Cotton-Wool Camp Shirt,"€ 240,00",https://www.ralphlauren.eu/pt/en/plaid-cotton-wool-camp-shirt-493816.html?cgid=men-clothing-casual-shirts&dwvar493816_colorname=Rl%20223%20Indigo%2FBlack&webcat=MEN%2FClothing%2FCasual%20Shirts
Railman Cotton Twill Workshirt,"€ 165,00",https://www.ralphlauren.eu/pt/en/railman-cotton-twill-workshirt-469575.html?cgid=men-clothing-casual-shirts&dwvar469575_colorname=White&webcat=MEN%2FClothing%2FCasual%20Shirts
Plaid Twill Workshirt,"€ 175,00",https://www.ralphlauren.eu/pt/en/plaid-twill-workshirt-493790.html?cgid=men-clothing-casual-shirts&dwvar493790_colorname=Rl%20210%20Navy%20Grey&webcat=MEN%2FClothing%2FCasual%20Shirts
Indigo Cotton Oxford Shirt,"€ 165,00",https://www.ralphlauren.eu/pt/en/indigo-cotton-oxford-shirt-416470.html?cgid=men-clothing-casual-shirts&dwvar416470_colorname=Rinse%20Blue&webcat=MEN%2FClothing%2FCasual%20Shirts
Painted Chambray Workshirt,"€ 265,00",https://www.ralphlauren.eu/pt/en/painted-chambray-workshirt-493819.html?cgid=men-clothing-casual-shirts&dwvar493819_colorname=Rl%20228%20Reactive%20Blue&webcat=MEN%2FClothing%2FCasual%20Shirts
Western-Print Camp Shirt,"€ 265,00",https://www.ralphlauren.eu/pt/en/western-print-camp-shirt-493781.html?cgid=men-clothing-casual-shirts&dwvar493781_colorname=Rl-216%20Navy%2FMulti&webcat=MEN%2FClothing%2FCasual%20Shirts
Southwestern Overshirt,"€ 550,00",https://www.ralphlauren.eu/pt/en/southwestern-overshirt-494153.html?dwvar494153_colorname=Rl%20245%20Red%2FMulti&cgid=men-clothing-casual-shirts&webcat=MEN%2FClothing%2FCasual%20Shirts
Railman Cotton Twill Workshirt,"€ 165,00",https://www.ralphlauren.eu/pt/en/railman-cotton-twill-workshirt-415301.html?cgid=men-clothing-casual-shirts&dwvar415301_colorname=Black&webcat=MEN%2FClothing%2FCasual%20Shirts
Slim Fit Plaid Western Shirt,"€ 205,00",https://www.ralphlauren.eu/pt/en/slim-fit-plaid-western-shirt-494152.html?cgid=men-clothing-casual-shirts&webcat=MEN%2FClothing%2FCasual%20Shirts&dwvar494152_colorname=Rl%20243%20Red%2FBlack
Slim Cotton Western Shirt,"€ 165,00",https://www.ralphlauren.eu/pt/en/slim-cotton-western-shirt-430256.html?cgid=men-clothing-casual-shirts&dwvar430256_colorname=Polo%20Black&webcat=MEN%2FClothing%2FCasual%20Shirts
Plaid Twill Workshirt,"€ 205,00",https://www.ralphlauren.eu/pt/en/plaid-twill-workshirt-494116.html?cgid=men-clothing-casual-shirts&dwvar494116_colorname=Rl%20237%20Yellow%2FGreen&webcat=MEN%2FClothing%2FCasual%20Shirts
Linen Popover Workshirt,"€ 265,00",https://www.ralphlauren.eu/pt/en/linen-popover-workshirt-497366.html?cgid=men-clothing-casual-shirts&dwvar497366_colorname=Rl%20283%20Navy&webcat=MEN%2FClothing%2FCasual%20Shirts
Limited-Edition Western Shirt,"€ 550,00",https://www.ralphlauren.eu/pt/en/limited-edition-western-shirt-494119.html?cgid=men-clothing-casual-shirts&dwvar494119_colorname=Rl%20248%20Black%2FMulti&webcat=MEN%2FClothing%2FCasual%20Shirts
Camo Herringbone Overshirt,"€ 355,00",https://www.ralphlauren.eu/pt/en/camo-herringbone-overshirt-494121.html?cgid=men-clothing-casual-shirts&dwvar494121_colorname=Rl%20239%20Olive%2FMulti&webcat=MEN%2FClothing%2FCasual%20Shirts
Cotton Jaspe Workshirt,"€ 265,00",https://www.ralphlauren.eu/pt/en/cotton-jaspe-workshirt-494538.html?cgid=men-clothing-casual-shirts&dwvar494538_colorname=Dark%20Grey&webcat=MEN%2FClothing%2FCasual%20Shirts
Cotton Popover Workshirt,"€ 265,00",https://www.ralphlauren.eu/pt/en/cotton-popover-workshirt-494539.html?cgid=men-clothing-casual-shirts&dwvar494539_colorname=Sulphur%20Black%2FCream&webcat=MEN%2FClothing%2FCasual%20Shirts
Print Flannel Workshirt,"€ 265,00",https://www.ralphlauren.eu/pt/en/print-flannel-workshirt-494117.html?cgid=men-clothing-casual-shirts&dwvar494117_colorname=Rl%20240%20Tan%2FMulti&webcat=MEN%2FClothing%2FCasual%20Shirts
Plaid Wool Twill Overshirt,"€ 445,00",https://www.ralphlauren.eu/pt/en/plaid-wool-twill-overshirt-494122.html?cgid=men-clothing-casual-shirts&webcat=MEN%2FClothing%2FCasual%20Shirts&dwvar494122_colorname=Rl%20239%20Olive%2FMulti
Plaid-Print Knit Workshirt,"€ 265,00",https://www.ralphlauren.eu/pt/en/plaid-print-knit-workshirt-493745.html?cgid=men-clothing-casual-shirts&dwvar493745_colorname=Red%20Gold%20Black%20Multi&webcat=MEN%2FClothing%2FCasual%20Shirts
Slim Fit Plaid Western Shirt,"€ 205,00",https://www.ralphlauren.eu/pt/en/slim-fit-plaid-western-shirt-493784.html?cgid=men-clothing-casual-shirts&dwvar493784_colorname=Rl-214%20Navy%2FRed&webcat=MEN%2FClothing%2FCasual%20Shirts
Indigo Denim Workshirt,"€ 225,00",https://www.ralphlauren.eu/pt/en/indigo-denim-workshirt-475096.html?cgid=men-clothing-casual-shirts&dwvar475096_colorname=Medium%20Wash&webcat=MEN%2FClothing%2FCasual%20Shirts
Plaid Wool Overshirt,"€ 355,00",https://www.ralphlauren.eu/pt/en/plaid-wool-overshirt-494154.html?cgid=men-clothing-casual-shirts&dwvar494154_colorname=Rl%20247%20Green%2FBlack&webcat=MEN%2FClothing%2FCasual%20Shirts
Plaid Jacquard Workshirt,"€ 240,00",https://www.ralphlauren.eu/pt/en/plaid-jacquard-workshirt-493782.html?dwvar493782_colorname=Rl-221%20Turquoise%2FSulphur&cgid=men-clothing-casual-shirts&webcat=MEN%2FClothing%2FCasual%20Shirts
Patchwork Plaid Workshirt,"€ 550,00",https://www.ralphlauren.eu/pt/en/patchwork-plaid-workshirt-494156.html?cgid=men-clothing-casual-shirts&dwvar494156_colorname=Rl%20249%20Multi&webcat=MEN%2FClothing%2FCasual%20Shirts
Striped Overshirt,"€ 445,00",https://www.ralphlauren.eu/pt/en/striped-overshirt-494118.html?cgid=men-clothing-casual-shirts&webcat=MEN%2FClothing%2FCasual%20Shirts&dwvar494118_colorname=Rl%20242%20Grey%2FMulti
Plaid Twill Camp Shirt,"€ 205,00",https://www.ralphlauren.eu/pt/en/plaid-twill-camp-shirt-494155.html?cgid=men-clothing-casual-shirts&webcat=MEN%2FClothing%2FCasual%20Shirts&dwvar494155_colorname=Rl%20244%20Green%2FBrown
Linen-Cotton Popover Workshirt,"€ 265,00",https://www.ralphlauren.eu/pt/en/linen-cotton-popover-workshirt-493820.html?cgid=men-clothing-casual-shirts&webcat=MEN%2FClothing%2FCasual%20Shirts&dwvar493820_colorname=Rl%20229%20Black%2FIndigo
Cotton Twill Workshirt,"€ 165,00",https://www.ralphlauren.eu/pt/en/cotton-twill-workshirt-394499.html?cgid=men-clothing-casual-shirts&dwvar394499_colorname=Navy&webcat=MEN%2FClothing%2FCasual%20Shirts
Plaid Twill Workshirt,"€ 205,00",https://www.ralphlauren.eu/pt/en/plaid-twill-workshirt-494115.html?cgid=men-clothing-casual-shirts&webcat=MEN%2FClothing%2FCasual%20Shirts&dwvar494115_colorname=Rl%20105%20Red%20Sulphur%20Black
Plaid Cotton-Wool Workshirt,"€ 240,00",https://www.ralphlauren.eu/pt/en/plaid-cotton-wool-workshirt-493817.html?cgid=men-clothing-casual-shirts&dwvar493817_colorname=Rl%20222%20Cream%2FGrey&webcat=MEN%2FClothing%2FCasual%20Shirts
Slim Oxford Sport Shirt,"€ 165,00",https://www.ralphlauren.eu/pt/en/slim-oxford-sport-shirt-263161.html?cgid=men-clothing-casual-shirts&dwvar263161_colorname=Ore%20Black&webcat=MEN%2FClothing%2FCasual%20Shirts
Silk-Blend Workshirt Jumper,"€ 890,00",https://www.ralphlauren.eu/pt/en/silk-blend-workshirt-jumper-494172.html?dwvar494172_colorname=Red%2FBlack%2FCharcoal&cgid=men-clothing-casual-shirts&webcat=MEN%2FClothing%2FCasual%20Shirts
Fleece Hooded Shirt,"€ 310,00",https://www.ralphlauren.eu/pt/en/fleece-hooded-shirt-494114.html?cgid=men-clothing-casual-shirts&dwvar494114_colorname=Faded%20Red&webcat=MEN%2FClothing%2FCasual%20Shirts
Plaid Twill Workshirt,"€ 175,00",https://www.ralphlauren.eu/pt/en/plaid-twill-workshirt-493785.html?cgid=men-clothing-casual-shirts&webcat=MEN%2FClothing%2FCasual%20Shirts&dwvar493785_colorname=Rl%20212%20Red%20Blue
Slim Fit Indigo Western Shirt,"€ 355,00",https://www.ralphlauren.eu/pt/en/slim-fit-indigo-western-shirt-494537.html?dwvar494537_colorname=Indigo&cgid=men-clothing-casual-shirts&webcat=MEN%2FClothing%2FCasual%20Shirts
Cotton Twill Shirt,"€ 165,00",https://www.ralphlauren.eu/pt/en/cotton-twill-shirt-199796.html?cgid=men-clothing-casual-shirts&webcat=MEN%2FClothing%2FCasual%20Shirts&dwvar199796_colorname=Classic%20Khaki
Easy Care Oxford Golf Shirt,"€ 99,00",https://www.ralphlauren.eu/pt/en/easy-care-oxford-golf-shirt-518723.html?cgid=men-clothing-casual-shirts&dwvar518723_colorname=Light%20Blue&webcat=MEN%2FClothing%2FCasual%20Shirts
Performance Twill Golf Shirt,"€ 129,00",https://www.ralphlauren.eu/pt/en/performance-twill-golf-shirt-482576.html?dwvar482576_colorname=5504%20Sebanac%20Buds&cgid=men-clothing-casual-shirts&webcat=MEN%2FClothing%2FCasual%20Shirts
Performance Twill Golf Shirt,"€ 109,00",https://www.ralphlauren.eu/pt/en/performance-twill-golf-shirt-504125.html?cgid=men-clothing-casual-shirts&webcat=MEN%2FClothing%2FCasual%20Shirts&dwvar504125_colorname=5515%20Two%20Color%20Tattersall
Performance Golf Shirt,"€ 129,00",https://www.ralphlauren.eu/pt/en/performance-golf-shirt-504701.html?cgid=men-clothing-casual-shirts&webcat=MEN%2FClothing%2FCasual%20Shirts&dwvar504701_colorname=5511%20Ivy%20Golf%20Diamond%20Geo
Performance Poplin Golf Shirt,"€ 119,00",https://www.ralphlauren.eu/pt/en/performance-poplin-golf-shirt-491848.html?dwvar491848_colorname=Rainbow%20Check&cgid=men-clothing-casual-shirts&webcat=MEN%2FClothing%2FCasual%20Shirts
